"기준일ID","시간대구분","자치구코드","총생활인구수","중국인체류인구수","중국외외국인체류인구수"
"20260503","00","11110","16956.8501","5693.4406","11263.4102"
"20260503","00","11140","41554.2609","16453.5172","25100.7421"
"20260503","00","11170","11386.5844","4020.1211","7366.4647"
"20260503","00","11200","4775.1381","2039.8456","2735.2925"
"20260503","00","11215","3044.3754","1533.4031","1510.9724"
"20260503","00","11230","3403.7606","1761.6859","1642.075"
"20260503","00","11260","771.6929","257.7532","513.9404"
"20260503","00","11290","1819.0095","876.0156","942.9942"
"20260503","00","11305","1275.8679","610.0403","665.8275"
"20260503","00","11320","414.9543","99.361","315.5946"
"20260503","00","11350","713.5249","221.2494","492.2745"
"20260503","00","11380","1825.5071","823.4024","1002.1052"
"20260503","00","11410","14817.6295","5442.4381","9375.1928"
"20260503","00","11440","23139.53","7957.0538","15182.4783"
"20260503","00","11470","896.4491","333.8625","562.586"
"20260503","00","11500","7381.3542","3422.198","3959.1532"
"20260503","00","11530","3992.0734","2095.9375","1896.1355"
"20260503","00","11545","1841.3357","1109.9502","731.3845"
"20260503","00","11560","9606.6435","5637.2997","3969.3447"
"20260503","00","11590","1526.512","655.5123","870.9994"
"20260503","00","11620","4618.4074","2094.1996","2524.2084"
"20260503","00","11650","7950.4486","2553.6558","5396.7908"
"20260503","00","11680","22247.1442","7401.9163","14845.2262"
"20260503","00","11710","7807.2804","3201.4451","4605.8369"
"20260503","00","11740","2054.1683","1065.5632","988.6053"
"20260503","01","11110","17194.2174","5743.6028","11450.6144"
"20260503","01","11140","41004.6343","16221.6735","24782.9588"
"20260503","01","11170","11321.1769","3847.5932","7473.5845"
"20260503","01","11200","4532.4992","1948.789","2583.7083"
"20260503","01","11215","3001.3747","1546.5899","1454.7845"
"20260503","01","11230","3537.1411","1820.4487","1716.6891"
"20260503","01","11260","803.5948","273.803","529.7913"
"20260503","01","11290","1852.6346","909.588","943.0461"
"20260503","01","11305","1342.5049","662.7549","679.7486"
"20260503","01","11320","420.6645","111.8477","308.817"
"20260503","01","11350","701.8765","216.4139","485.4618"
"20260503","01","11380","1872.2692","871.6337","1000.6356"
"20260503","01","11410","14790.3431","5484.086","9306.257"
"20260503","01","11440","23298.9566","7859.4652","15439.4925"
"20260503","01","11470","918.9724","345.3391","573.6335"
"20260503","01","11500","7541.7631","3569.3446","3972.4199"
"20260503","01","11530","3992.5893","2135.6904","1856.8994"
"20260503","01","11545","1883.7381","1155.8873","727.8503"
"20260503","01","11560","9457.3496","5641.8396","3815.5117"
"20260503","01","11590","1515.1043","649.1306","865.9737"
"20260503","01","11620","4781.9655","2230.912","2551.0525"
"20260503","01","11650","7905.7348","2556.0383","5349.6976"
"20260503","01","11680","22150.9778","7357.1086","14793.8728"
"20260503","01","11710","7509.804","2991.5356","4518.2686"
"20260503","01","11740","2098.4072","1104.9111","993.4964"
"20260503","02","11110","16964.9131","5724.542","11240.3718"
"20260503","02","11140","41491.2041","16308.7873","25182.4178"
"20260503","02","11170","11040.4621","3733.5088","7306.9511"
"20260503","02","11200","4437.315","1857.6269","2579.6888"
"20260503","02","11215","3042.788","1593.8852","1448.9012"
"20260503","02","11230","3626.0564","1894.1213","1731.9376"
"20260503","02","11260","824.601","299.3272","525.2731"
"20260503","02","11290","1881.9882","946.2324","935.7576"
"20260503","02","11305","1377.8466","693.7844","684.0618"
"20260503","02","11320","414.6783","112.5326","302.1455"
"20260503","02","11350","711.6434","224.0867","487.557"
"20260503","02","11380","1912.7963","905.4219","1007.3739"
"20260503","02","11410","14107.125","5254.4277","8852.6966"
"20260503","02","11440","23347.3434","7821.0559","15526.289"
"20260503","02","11470","919.006","364.0395","554.9651"
"20260503","02","11500","7598.899","3608.1656","3990.7319"
"20260503","02","11530","3996.8325","2135.5644","1861.2661"
"20260503","02","11545","1965.1466","1194.5688","770.5792"
"20260503","02","11560","9558.6321","5708.639","3849.9931"
"20260503","02","11590","1580.049","699.8634","880.1853"
"20260503","02","11620","4915.4941","2308.0256","2607.4686"
"20260503","02","11650","7908.7914","2622.3622","5286.4295"
"20260503","02","11680","22153.878","7356.8086","14797.0684"
"20260503","02","11710","7284.1838","2831.8785","4452.3053"
"20260503","02","11740","2119.9189","1131.7862","988.1317"
"20260503","03","11110","17230.1588","5844.5855","11385.5715"
"20260503","03","11140","41557.692","16272.1605","25285.5319"
"20260503","03","11170","10583.1719","3598.095","6985.0749"
"20260503","03","11200","4374.4952","1831.623","2542.8725"
"20260503","03","11215","3067.0799","1609.0465","1458.0347"
"20260503","03","11230","3630.4461","1889.3537","1741.0919"
"20260503","03","11260","842.6817","312.1175","530.564"
"20260503","03","11290","1898.5053","967.3124","931.1937"
"20260503","03","11305","1378.8608","697.9237","680.9363"
"20260503","03","11320","418.3282","120.9069","297.4206"
"20260503","03","11350","718.6471","232.6226","486.0238"
"20260503","03","11380","1926.5038","921.6864","1004.8165"
"20260503","03","11410","14068.8568","5315.2423","8753.6155"
"20260503","03","11440","23293.7508","7702.7223","15591.0272"
"20260503","03","11470","922.2229","360.9969","561.2272"
"20260503","03","11500","7645.0529","3651.8459","3993.2049"
"20260503","03","11530","4037.1363","2197.4279","1839.708"
"20260503","03","11545","2007.9104","1215.8383","792.0729"
"20260503","03","11560","9533.1401","5696.778","3836.3617"
"20260503","03","11590","1589.3997","701.5466","887.8541"
"20260503","03","11620","4934.694","2323.0248","2611.6705"
"20260503","03","11650","8007.2209","2649.8788","5357.3404"
"20260503","03","11680","22000.2241","7339.9826","14660.2387"
"20260503","03","11710","7269.1176","2825.5805","4443.5374"
"20260503","03","11740","2155.7634","1161.5219","994.2414"
"20260503","04","11110","17250.4026","5858.5738","11391.8285"
"20260503","04","11140","41411.6458","16263.7822","25147.865"
"20260503","04","11170","10231.0459","3537.5129","6693.5323"
"20260503","04","11200","4347.2367","1812.1786","2535.0566"
"20260503","04","11215","3055.9595","1607.5061","1448.4517"
"20260503","04","11230","3658.9962","1914.958","1744.0389"
"20260503","04","11260","852.1134","320.8727","531.2412"
"20260503","04","11290","1910.8531","968.8575","941.9955"
"20260503","04","11305","1385.0292","695.1325","689.8961"
"20260503","04","11320","416.3753","119.3835","296.9921"
"20260503","04","11350","718.3249","237.0943","481.2315"
"20260503","04","11380","1917.1434","912.8534","1004.2918"
"20260503","04","11410","14183.0784","5330.3589","8852.7176"
"20260503","04","11440","23269.4316","7647.293","15622.1394"
"20260503","04","11470","933.7833","370.8966","562.8867"
"20260503","04","11500","7623.7954","3642.7784","3981.0147"
"20260503","04","11530","4038.5104","2204.4918","1834.0191"
"20260503","04","11545","1945.7444","1182.8708","762.8743"
"20260503","04","11560","9472.5205","5696.5856","3775.9352"
"20260503","04","11590","1616.4068","721.6091","894.7973"
"20260503","04","11620","4966.1237","2353.1619","2612.9634"
"20260503","04","11650","8003.5462","2690.9601","5312.5863"
"20260503","04","11680","21821.7586","7344.7172","14477.042"
"20260503","04","11710","7203.8765","2799.9684","4403.9105"
"20260503","04","11740","2143.6415","1161.0577","982.582"
"20260503","05","11110","17079.317","5785.5851","11293.7323"
"20260503","05","11140","41272.115","16230.8789","25041.2384"
"20260503","05","11170","9979.7203","3489.0221","6490.6992"
"20260503","05","11200","4338.6815","1808.2796","2530.4021"
"20260503","05","11215","3027.4231","1589.9242","1437.4981"
"20260503","05","11230","3674.4825","1954.888","1719.5953"
"20260503","05","11260","816.4715","319.1983","497.273"
"20260503","05","11290","1906.0595","974.2457","931.8153"
"20260503","05","11305","1387.3073","702.4596","684.8469"
"20260503","05","11320","422.2931","121.6698","300.624"
"20260503","05","11350","725.1645","245.7588","479.4056"
"20260503","05","11380","1909.3938","895.4196","1013.9738"
"20260503","05","11410","14634.6231","5612.8763","9021.7473"
"20260503","05","11440","22876.6172","7503.3507","15373.268"
"20260503","05","11470","920.6531","362.0564","558.5966"
"20260503","05","11500","7664.4843","3631.6043","4032.88"
"20260503","05","11530","4020.0805","2180.6833","1839.3967"
"20260503","05","11545","1938.256","1185.187","753.0687"
"20260503","05","11560","9476.2418","5729.3286","3746.9146"
"20260503","05","11590","1642.7393","716.8987","925.841"
"20260503","05","11620","4978.7289","2376.1705","2602.5582"
"20260503","05","11650","8071.6928","2704.5401","5367.1527"
"20260503","05","11680","21662.7261","7340.3743","14322.3508"
"20260503","05","11710","7146.4596","2756.7279","4389.732"
"20260503","05","11740","2140.1664","1180.7099","959.456"
"20260503","06","11110","16957.2327","5813.3274","11143.905"
"20260503","06","11140","40652.9145","16144.48","24508.4339"
"20260503","06","11170","9831.6961","3461.1727","6370.5228"
"20260503","06","11200","4234.7059","1750.0546","2484.6508"
"20260503","06","11215","2955.0748","1567.0017","1388.0731"
"20260503","06","11230","3625.8465","1919.4018","1706.4445"
"20260503","06","11260","823.5139","321.6874","501.8267"
"20260503","06","11290","1893.7616","972.3819","921.3801"
"20260503","06","11305","1370.5571","703.0275","667.5286"
"20260503","06","11320","421.135","116.3346","304.8004"
"20260503","06","11350","800.7192","253.3524","547.3671"
"20260503","06","11380","1899.9934","902.922","997.0718"
"20260503","06","11410","14642.8628","5601.5171","9041.3443"
"20260503","06","11440","22232.6497","7409.6963","14822.9525"
"20260503","06","11470","929.4656","367.836","561.6295"
"20260503","06","11500","7726.3285","3663.2695","4063.0592"
"20260503","06","11530","3951.6239","2164.9463","1786.6771"
"20260503","06","11545","1930.8055","1174.0954","756.7107"
"20260503","06","11560","9437.1801","5735.9451","3701.2345"
"20260503","06","11590","1615.2965","700.815","914.481"
"20260503","06","11620","4988.417","2384.819","2603.5944"
"20260503","06","11650","7994.6547","2677.5703","5317.0847"
"20260503","06","11680","21377.7798","7335.1792","14042.6004"
"20260503","06","11710","7079.4653","2740.5148","4338.9492"
"20260503","06","11740","2138.3585","1165.5976","972.7628"
"20260503","07","11110","16657.2689","5757.0682","10900.2027"
"20260503","07","11140","40068.0523","16053.8124","24014.2397"
"20260503","07","11170","9731.2735","3485.8411","6245.4311"
"20260503","07","11200","4173.2099","1709.4441","2463.7648"
"20260503","07","11215","2975.2232","1594.7491","1380.4718"
"20260503","07","11230","3598.4239","1911.8583","1686.5669"
"20260503","07","11260","780.5781","308.3654","472.213"
"20260503","07","11290","1898.2431","977.6653","920.5794"
"20260503","07","11305","1353.9947","674.5065","679.4877"
"20260503","07","11320","429.9505","125.0627","304.8886"
"20260503","07","11350","825.7981","267.6545","558.1425"
"20260503","07","11380","1873.5512","877.9457","995.6031"
"20260503","07","11410","14859.7658","5618.9433","9240.8229"
"20260503","07","11440","21870.7389","7347.1215","14523.6181"
"20260503","07","11470","902.5888","354.6752","547.9113"
"20260503","07","11500","7854.7654","3701.3656","4153.4008"
"20260503","07","11530","3929.033","2145.0252","1784.0069"
"20260503","07","11545","1941.1968","1180.379","760.8167"
"20260503","07","11560","9349.3822","5715.1303","3634.2511"
"20260503","07","11590","1584.1496","692.4369","891.7128"
"20260503","07","11620","4948.3991","2383.6906","2564.7069"
"20260503","07","11650","7946.578","2643.8017","5302.7756"
"20260503","07","11680","21059.9948","7339.5981","13720.3965"
"20260503","07","11710","7072.7336","2739.0869","4333.6452"
"20260503","07","11740","2151.5739","1177.8409","973.734"
"20260503","08","11110","16624.6255","5761.4258","10863.2017"
"20260503","08","11140","39782.3132","15802.7329","23979.5829"
"20260503","08","11170","9635.0931","3420.2469","6214.8457"
"20260503","08","11200","4152.0123","1703.6568","2448.355"
"20260503","08","11215","2995.6795","1594.9579","1400.7207"
"20260503","08","11230","3620.6231","1874.7333","1745.8901"
"20260503","08","11260","772.8796","309.0035","463.8762"
"20260503","08","11290","1882.613","980.6163","901.9949"
"20260503","08","11305","1369.0519","675.2287","693.8219"
"20260503","08","11320","436.9555","130.8843","306.0712"
"20260503","08","11350","877.5379","250.7483","626.7905"
"20260503","08","11380","1883.1864","879.2149","1003.9716"
"20260503","08","11410","14966.0069","5852.27","9113.7373"
"20260503","08","11440","22120.5919","7385.7405","14734.857"
"20260503","08","11470","903.07","345.3332","557.738"
"20260503","08","11500","7924.3041","3757.8971","4166.4074"
"20260503","08","11530","3801.6656","2119.0709","1682.5959"
"20260503","08","11545","1897.8381","1177.5442","720.2947"
"20260503","08","11560","9360.8772","5751.6336","3609.2435"
"20260503","08","11590","1567.3037","674.452","892.851"
"20260503","08","11620","4958.4096","2398.6988","2559.7113"
"20260503","08","11650","7859.2208","2670.4227","5188.7955"
"20260503","08","11680","20935.2904","7306.5678","13628.7247"
"20260503","08","11710","6968.5439","2724.262","4244.28"
"20260503","08","11740","2154.3512","1189.1123","965.2381"
"20260503","09","11110","17429.3659","5942.794","11486.5735"
"20260503","09","11140","38693.359","15494.3995","23198.9597"
"20260503","09","11170","9820.162","3436.4336","6383.7277"
"20260503","09","11200","4458.8821","1718.0698","2740.8111"
"20260503","09","11215","2974.7852","1576.0822","1398.7032"
"20260503","09","11230","3533.6601","1870.3779","1663.2846"
"20260503","09","11260","771.187","309.7606","461.426"
"20260503","09","11290","1893.7443","970.9582","922.7858"
"20260503","09","11305","1322.759","631.5765","691.1806"
"20260503","09","11320","423.9474","133.1825","290.7641"
"20260503","09","11350","808.4249","225.51","582.9154"
"20260503","09","11380","2215.5873","881.9072","1333.6807"
"20260503","09","11410","14998.0066","6017.6132","8980.3951"
"20260503","09","11440","22038.7964","7350.736","14688.062"
"20260503","09","11470","894.5485","340.4259","554.1219"
"20260503","09","11500","8075.8585","3732.4356","4343.4237"
"20260503","09","11530","3533.8609","2106.8376","1427.0238"
"20260503","09","11545","1809.4138","1135.0755","674.3388"
"20260503","09","11560","9165.8398","5751.8282","3414.0129"
"20260503","09","11590","1597.2219","667.703","929.5181"
"20260503","09","11620","4837.4358","2321.0887","2516.344"
"20260503","09","11650","8072.3186","2711.2959","5361.0217"
"20260503","09","11680","21209.6308","7339.0219","13870.6062"
"20260503","09","11710","7236.4972","2918.5867","4317.9113"
"20260503","09","11740","2090.3691","1149.0241","941.3435"
"20260503","10","11110","17582.7477","6053.7814","11528.9655"
"20260503","10","11140","37695.8404","15320.9388","22374.9005"
"20260503","10","11170","10166.4231","3615.0305","6551.3958"
"20260503","10","11200","5297.6314","1944.1749","3353.458"
"20260503","10","11215","2987.8889","1530.4776","1457.4118"
"20260503","10","11230","3394.534","1809.2706","1585.2634"
"20260503","10","11260","728.1881","288.2869","439.8999"
"20260503","10","11290","1806.372","906.9768","899.3954"
"20260503","10","11305","1311.9286","602.8438","709.0856"
"20260503","10","11320","432.0437","132.0102","300.0345"
"20260503","10","11350","849.6951","296.0588","553.6369"
"20260503","10","11380","2329.2453","936.3171","1392.9274"
"20260503","10","11410","14082.3823","5838.6903","8243.6954"
"20260503","10","11440","21856.673","7384.468","14472.2037"
"20260503","10","11470","883.0585","347.5032","535.5559"
"20260503","10","11500","8222.1913","3790.2832","4431.908"
"20260503","10","11530","3326.9422","1953.5189","1373.4242"
"20260503","10","11545","1659.0312","1001.1922","657.8371"
"20260503","10","11560","9042.1978","5672.037","3370.1582"
"20260503","10","11590","1780.5851","727.8791","1052.7075"
"20260503","10","11620","4580.253","2230.3315","2349.9195"
"20260503","10","11650","7938.0558","2685.8786","5252.1793"
"20260503","10","11680","21282.488","7400.2995","13882.1881"
"20260503","10","11710","7933.9607","3160.8764","4773.0872"
"20260503","10","11740","2050.8846","1154.663","896.2201"
"20260503","11","11110","17672.7403","6181.1259","11491.6142"
"20260503","11","11140","36931.6057","15378.8766","21552.7309"
"20260503","11","11170","10470.388","3730.4805","6739.9073"
"20260503","11","11200","7215.424","2623.9322","4591.4924"
"20260503","11","11215","3005.5624","1481.4801","1524.0809"
"20260503","11","11230","3113.4429","1656.0079","1457.4355"
"20260503","11","11260","698.0314","274.777","423.2525"
"20260503","11","11290","1681.461","834.5597","846.9028"
"20260503","11","11305","1239.7069","555.2904","684.4173"
"20260503","11","11320","495.321","192.905","302.4164"
"20260503","11","11350","730.0656","217.5611","512.5033"
"20260503","11","11380","1945.8264","840.7237","1105.1046"
"20260503","11","11410","12984.9686","5344.5404","7640.4299"
"20260503","11","11440","20602.7036","7422.7025","13180.0"
"20260503","11","11470","829.5295","324.7469","504.7835"
"20260503","11","11500","8093.4409","3686.1863","4407.2569"
"20260503","11","11530","3081.2714","1831.3112","1249.9617"
"20260503","11","11545","1569.8288","895.9873","673.8416"
"20260503","11","11560","9511.6738","5788.4038","3723.2715"
"20260503","11","11590","1879.4449","647.5985","1231.846"
"20260503","11","11620","4247.4462","2072.9746","2174.4729"
"20260503","11","11650","7397.9659","2531.0557","4866.9107"
"20260503","11","11680","21521.1944","7280.9151","14240.2779"
"20260503","11","11710","8662.8003","3670.1654","4992.6369"
"20260503","11","11740","1994.5887","1107.1787","887.4098"
"20260503","12","11110","17980.9019","6284.942","11695.9593"
"20260503","12","11140","36312.0795","15616.7565","20695.3238"
"20260503","12","11170","10620.6281","3863.4762","6757.1506"
"20260503","12","11200","8979.2585","3501.9377","5477.3196"
"20260503","12","11215","2939.9638","1359.4684","1580.4957"
"20260503","12","11230","2859.3747","1417.9463","1441.4282"
"20260503","12","11260","635.6993","243.3489","392.3489"
"20260503","12","11290","1552.5406","757.5585","794.9813"
"20260503","12","11305","1138.1375","469.4037","668.7345"
"20260503","12","11320","414.6717","172.4109","242.2601"
"20260503","12","11350","661.6857","203.6177","458.0671"
"20260503","12","11380","1842.2277","670.2176","1172.0116"
"20260503","12","11410","12472.4398","4924.9751","7547.4658"
"20260503","12","11440","19793.603","7459.976","12333.6258"
"20260503","12","11470","768.3885","301.126","467.2621"
"20260503","12","11500","7724.3775","3421.4374","4302.9384"
"20260503","12","11530","2801.4842","1641.079","1160.4042"
"20260503","12","11545","1380.1168","828.022","552.0955"
"20260503","12","11560","9816.1852","5737.0505","4079.1361"
"20260503","12","11590","1852.8242","636.2844","1216.539"
"20260503","12","11620","3904.5855","1756.4829","2148.0993"
"20260503","12","11650","7617.9887","2402.506","5215.4838"
"20260503","12","11680","21857.9185","7259.354","14598.565"
"20260503","12","11710","9908.8714","4368.6259","5540.2445"
"20260503","12","11740","1891.5131","998.4484","893.065"
"20260503","13","11110","17519.1128","5959.9767","11559.1366"
"20260503","13","11140","37323.6053","16139.9298","21183.676"
"20260503","13","11170","11133.7807","4129.6701","7004.1123"
"20260503","13","11200","10178.7509","4437.5108","5741.2405"
"20260503","13","11215","2865.2994","1275.7406","1589.558"
"20260503","13","11230","2474.464","1215.5681","1258.8957"
"20260503","13","11260","595.769","203.8786","391.8907"
"20260503","13","11290","1497.337","685.7719","811.566"
"20260503","13","11305","1007.0979","424.4131","582.6865"
"20260503","13","11320","323.1952","117.1311","206.0648"
"20260503","13","11350","595.5349","155.8423","439.6938"
"20260503","13","11380","1583.1567","583.9962","999.161"
"20260503","13","11410","11642.5029","4735.7496","6906.7528"
"20260503","13","11440","19078.7206","7495.5225","11583.1976"
"20260503","13","11470","734.4824","294.7242","439.7576"
"20260503","13","11500","7458.3712","3320.1602","4138.2128"
"20260503","13","11530","2637.8428","1434.5246","1203.3184"
"20260503","13","11545","1323.6678","771.6333","552.0334"
"20260503","13","11560","9836.9651","5522.2133","4314.7522"
"20260503","13","11590","1843.4512","592.8081","1250.6416"
"20260503","13","11620","2709.8289","1477.3012","1232.5277"
"20260503","13","11650","7478.6596","2196.9583","5281.7023"
"20260503","13","11680","22262.304","7376.026","14886.2788"
"20260503","13","11710","11397.9731","5094.2589","6303.7126"
"20260503","13","11740","1705.3376","882.9021","822.435"
"20260503","14","11110","17419.8989","5694.368","11725.5309"
"20260503","14","11140","38320.7021","16869.2791","21451.4245"
"20260503","14","11170","11460.643","4602.958","6857.6851"
"20260503","14","11200","11336.5921","5031.5744","6305.0166"
"20260503","14","11215","2972.4694","1240.5244","1731.946"
"20260503","14","11230","2213.0768","1096.2311","1116.847"
"20260503","14","11260","555.1825","173.5768","381.6051"
"20260503","14","11290","1464.4461","650.3742","814.0704"
"20260503","14","11305","964.4648","399.9186","564.545"
"20260503","14","11320","266.8247","62.414","204.4096"
"20260503","14","11350","562.8339","138.4707","424.3623"
"20260503","14","11380","1400.3045","496.0624","904.2435"
"20260503","14","11410","10959.9105","4569.5234","6390.3887"
"20260503","14","11440","18207.8209","7153.3931","11054.4267"
"20260503","14","11470","734.0413","319.7259","414.3145"
"20260503","14","11500","7176.0796","3044.1521","4131.9254"
"20260503","14","11530","2507.4468","1345.6513","1161.7939"
"20260503","14","11545","1289.9455","738.6612","551.2847"
"20260503","14","11560","10096.326","5656.5493","4439.7777"
"20260503","14","11590","1748.6381","557.9131","1190.7237"
"20260503","14","11620","2518.4704","1332.8755","1185.5948"
"20260503","14","11650","7442.1873","2169.6221","5272.5651"
"20260503","14","11680","22083.6684","7385.296","14698.3734"
"20260503","14","11710","12637.2824","5834.4409","6802.8431"
"20260503","14","11740","1585.8497","794.6614","791.1893"
"20260503","15","11110","17095.4914","5345.0756","11750.415"
"20260503","15","11140","38790.7784","17320.678","21470.1009"
"20260503","15","11170","11718.8607","4674.1336","7044.7257"
"20260503","15","11200","12487.9202","5662.8853","6825.0348"
"20260503","15","11215","3034.7061","1226.8964","1807.8088"
"20260503","15","11230","2009.5971","994.1432","1015.4567"
"20260503","15","11260","538.6762","164.835","373.8417"
"20260503","15","11290","1348.1044","564.1669","783.9371"
"20260503","15","11305","920.3314","375.6874","544.6442"
"20260503","15","11320","237.6565","65.2525","172.404"
"20260503","15","11350","567.8418","112.5079","455.3346"
"20260503","15","11380","1322.5613","433.8806","888.6808"
"20260503","15","11410","10921.52","4353.8657","6567.6548"
"20260503","15","11440","17396.0705","6860.6332","10535.4379"
"20260503","15","11470","735.9714","288.0114","447.9588"
"20260503","15","11500","6634.0256","2675.8098","3958.2128"
"20260503","15","11530","2438.566","1305.5662","1132.9993"
"20260503","15","11545","1214.3935","743.1369","471.2562"
"20260503","15","11560","9767.1815","5572.1999","4194.9834"
"20260503","15","11590","1636.2158","544.5012","1091.7132"
"20260503","15","11620","2287.8453","1159.9017","1127.9442"
"20260503","15","11650","7303.9006","2130.8526","5173.0485"
"20260503","15","11680","21593.5837","7423.2559","14170.3281"
"20260503","15","11710","14074.1814","6985.0259","7089.1544"
"20260503","15","11740","1440.6375","650.0604","790.5767"
"20260503","16","11110","15894.6613","4801.4006","11093.2597"
"20260503","16","11140","39232.281","17710.9343","21521.3472"
"20260503","16","11170","11692.927","4691.7263","7001.2015"
"20260503","16","11200","13382.3018","6103.0832","7279.2185"
"20260503","16","11215","2927.474","1229.9861","1697.488"
"20260503","16","11230","1864.022","867.0087","997.0118"
"20260503","16","11260","492.1406","142.7074","349.4339"
"20260503","16","11290","1220.8584","542.3417","678.5164"
"20260503","16","11305","911.1004","339.8236","571.2757"
"20260503","16","11320","264.4534","69.5084","194.9449"
"20260503","16","11350","568.9406","103.5055","465.4344"
"20260503","16","11380","1112.3431","371.8264","740.5176"
"20260503","16","11410","10800.3966","4320.7159","6479.679"
"20260503","16","11440","17529.776","6960.3207","10569.4541"
"20260503","16","11470","669.0426","276.6971","392.3447"
"20260503","16","11500","6366.9029","2549.0863","3817.8163"
"20260503","16","11530","2315.1838","1235.4883","1079.6944"
"20260503","16","11545","1180.6621","701.6641","478.9983"
"20260503","16","11560","9669.3829","5587.2845","4082.0992"
"20260503","16","11590","1543.2021","551.6011","991.6016"
"20260503","16","11620","3740.1564","1108.0228","2632.1324"
"20260503","16","11650","6975.9672","2079.8729","4896.0966"
"20260503","16","11680","21450.6996","7223.1144","14227.5847"
"20260503","16","11710","14742.7188","7524.5828","7218.136"
"20260503","16","11740","1382.2643","575.2998","806.964"
"20260503","17","11110","14323.8123","4654.1255","9669.6888"
"20260503","17","11140","41806.4309","18317.5991","23488.8318"
"20260503","17","11170","11306.3638","4553.6803","6752.6821"
"20260503","17","11200","13149.9581","5911.0739","7238.8847"
"20260503","17","11215","2871.6502","1272.1114","1599.5381"
"20260503","17","11230","1978.5155","875.3628","1103.1533"
"20260503","17","11260","477.4837","142.4976","334.9856"
"20260503","17","11290","1253.5773","550.4077","703.1694"
"20260503","17","11305","864.1894","339.9324","524.2568"
"20260503","17","11320","252.937","57.6405","195.2965"
"20260503","17","11350","628.241","111.9818","516.2601"
"20260503","17","11380","1057.6099","325.0482","732.561"
"20260503","17","11410","11160.1421","4430.5912","6729.5502"
"20260503","17","11440","18356.4683","6739.1762","11617.2932"
"20260503","17","11470","618.8576","258.727","360.128"
"20260503","17","11500","6325.6799","2590.5207","3735.1579"
"20260503","17","11530","2310.5319","1284.115","1026.4181"
"20260503","17","11545","1171.6987","699.6724","472.0262"
"20260503","17","11560","9713.5231","5582.4405","4131.0813"
"20260503","17","11590","1583.4547","562.9519","1020.502"
"20260503","17","11620","3751.8898","1112.5562","2639.3339"
"20260503","17","11650","6677.3262","2041.6845","4635.6388"
"20260503","17","11680","20982.7852","7193.8087","13788.9753"
"20260503","17","11710","14766.6111","7586.4557","7180.1546"
"20260503","17","11740","1305.4335","528.2303","777.2031"
"20260503","18","11110","13653.498","4294.7263","9358.7743"
"20260503","18","11140","45105.704","19085.4591","26020.2456"
"20260503","18","11170","11124.6397","4315.7167","6808.9237"
"20260503","18","11200","11341.0356","5610.9069","5730.1307"
"20260503","18","11215","2974.6383","1285.3486","1689.2892"
"20260503","18","11230","2024.1857","894.4433","1129.7431"
"20260503","18","11260","463.7102","129.8835","333.8274"
"20260503","18","11290","1298.3578","555.9148","742.4441"
"20260503","18","11305","882.7511","340.3445","542.4051"
"20260503","18","11320","250.0955","53.3384","196.7565"
"20260503","18","11350","624.7189","107.9362","516.7819"
"20260503","18","11380","1067.7509","345.7633","721.9886"
"20260503","18","11410","10793.6262","4105.0118","6688.6145"
"20260503","18","11440","19997.3674","6995.601","13001.7675"
"20260503","18","11470","584.0276","227.864","356.1629"
"20260503","18","11500","6324.4273","2717.5375","3606.8925"
"20260503","18","11530","2415.3264","1370.3951","1044.9309"
"20260503","18","11545","1167.1603","723.5058","443.6533"
"20260503","18","11560","9838.9029","5569.6207","4269.2824"
"20260503","18","11590","1446.4886","503.1754","943.3137"
"20260503","18","11620","3748.503","1096.4868","2652.0156"
"20260503","18","11650","6840.2126","2091.6634","4748.5508"
"20260503","18","11680","21101.2781","7190.0028","13911.273"
"20260503","18","11710","14245.6011","7463.3971","6782.2026"
"20260503","18","11740","1266.596","523.1179","743.4776"
"20260503","19","11110","14493.054","4185.1737","10307.8806"
"20260503","19","11140","45350.7581","19350.5816","26000.1771"
"20260503","19","11170","10625.9559","4071.373","6554.5836"
"20260503","19","11200","9737.6708","4949.4761","4788.1946"
"20260503","19","11215","3171.3944","1438.3151","1733.0812"
"20260503","19","11230","2110.0196","946.0807","1163.9383"
"20260503","19","11260","506.9419","130.3529","376.5888"
"20260503","19","11290","1367.8534","580.6562","787.1966"
"20260503","19","11305","881.502","319.3215","562.1799"
"20260503","19","11320","256.4145","54.8182","201.5967"
"20260503","19","11350","607.5638","117.9238","489.6401"
"20260503","19","11380","1083.3073","332.9035","750.4042"
"20260503","19","11410","10750.8512","3914.4597","6836.3903"
"20260503","19","11440","22064.1506","7395.9099","14668.2429"
"20260503","19","11470","646.8244","230.7367","416.0884"
"20260503","19","11500","6316.8467","2781.3968","3535.4506"
"20260503","19","11530","2584.4963","1396.3262","1188.1695"
"20260503","19","11545","1190.6467","750.1629","440.4836"
"20260503","19","11560","9716.4566","5676.4522","4040.0048"
"20260503","19","11590","1568.6373","519.6236","1049.0146"
"20260503","19","11620","3052.4336","1157.9","1894.5332"
"20260503","19","11650","7077.2561","2007.9378","5069.3164"
"20260503","19","11680","20838.8849","7282.6735","13556.2134"
"20260503","19","11710","13726.1269","7188.1621","6537.9643"
"20260503","19","11740","1327.6375","546.4866","781.1513"
"20260503","20","11110","14836.5127","4404.8841","10431.6274"
"20260503","20","11140","45045.1566","18821.9399","26223.2148"
"20260503","20","11170","10479.4536","3896.221","6583.2322"
"20260503","20","11200","8458.9185","4256.2761","4202.6413"
"20260503","20","11215","3301.8761","1651.8654","1650.012"
"20260503","20","11230","2163.1389","971.7562","1191.3835"
"20260503","20","11260","533.9049","153.6411","380.2644"
"20260503","20","11290","1461.6402","620.8574","840.7806"
"20260503","20","11305","933.62","348.1086","585.5105"
"20260503","20","11320","281.5405","72.6979","208.843"
"20260503","20","11350","639.0643","122.623","516.441"
"20260503","20","11380","1045.8051","321.5904","724.2151"
"20260503","20","11410","11566.5316","4285.0553","7281.4772"
"20260503","20","11440","23573.7485","7918.0439","15655.7063"
"20260503","20","11470","688.904","244.615","444.2905"
"20260503","20","11500","6426.2571","2801.2803","3624.9755"
"20260503","20","11530","2841.958","1552.4847","1289.4734"
"20260503","20","11545","1309.8359","839.3624","470.473"
"20260503","20","11560","9596.3339","5607.6914","3988.6429"
"20260503","20","11590","1481.4235","495.1854","986.2387"
"20260503","20","11620","3160.71","1191.7903","1968.9199"
"20260503","20","11650","7373.6472","2220.0716","5153.5773"
"20260503","20","11680","20577.9997","7324.5567","13253.4425"
"20260503","20","11710","12276.466","6262.7573","6013.7096"
"20260503","20","11740","1545.2947","672.5179","872.7769"
"20260503","21","11110","14757.5279","4591.3218","10166.2061"
"20260503","21","11140","45323.9325","18426.1544","26897.7784"
"20260503","21","11170","10968.7179","3893.218","7075.5"
"20260503","21","11200","7041.9021","3518.0911","3523.8111"
"20260503","21","11215","3373.754","1641.6418","1732.1119"
"20260503","21","11230","2340.9733","1122.1212","1218.8531"
"20260503","21","11260","582.3397","189.803","392.5366"
"20260503","21","11290","1601.2196","689.8314","911.3871"
"20260503","21","11305","971.1641","399.6963","571.4678"
"20260503","21","11320","350.2221","86.1343","264.0874"
"20260503","21","11350","640.0474","140.9386","499.1083"
"20260503","21","11380","1088.2655","355.7357","732.5288"
"20260503","21","11410","12625.3009","4552.1173","8073.185"
"20260503","21","11440","24264.04","8532.064","15731.9737"
"20260503","21","11470","702.9706","254.0705","448.8992"
"20260503","21","11500","6822.1779","3085.7793","3736.3957"
"20260503","21","11530","3011.3002","1690.1821","1321.1187"
"20260503","21","11545","1378.9071","860.4608","518.447"
"20260503","21","11560","9339.562","5466.6805","3872.8817"
"20260503","21","11590","1425.7079","539.1483","886.5591"
"20260503","21","11620","3263.1636","1414.3494","1848.8138"
"20260503","21","11650","7256.2325","2229.9478","5026.2836"
"20260503","21","11680","20802.2025","7356.3528","13445.8506"
"20260503","21","11710","10054.6088","4672.8843","5381.724"
"20260503","21","11740","1733.3287","808.4698","924.8581"
"20260503","22","11110","15989.7387","5121.329","10868.408"
"20260503","22","11140","43425.524","17227.1555","26198.368"
"20260503","22","11170","10922.8755","3753.6717","7169.2072"
"20260503","22","11200","5633.0388","2797.0749","2835.9655"
"20260503","22","11215","3221.4252","1529.0933","1692.3319"
"20260503","22","11230","2723.3465","1354.3695","1368.9775"
"20260503","22","11260","628.3676","207.6476","420.7203"
"20260503","22","11290","1796.4074","773.5899","1022.8186"
"20260503","22","11305","1137.3512","499.2271","638.1256"
"20260503","22","11320","381.2585","95.7308","285.5276"
"20260503","22","11350","674.4846","157.9057","516.5785"
"20260503","22","11380","1253.2843","450.6006","802.6847"
"20260503","22","11410","13689.4185","5007.3287","8682.0903"
"20260503","22","11440","23808.4749","8436.7007","15371.7767"
"20260503","22","11470","763.3467","248.9615","514.3865"
"20260503","22","11500","7152.9747","3370.151","3782.8234"
"20260503","22","11530","3420.6222","1892.8004","1527.8212"
"20260503","22","11545","1568.7646","970.9894","597.7735"
"20260503","22","11560","9388.0472","5552.5464","3835.4981"
"20260503","22","11590","1496.6767","588.7688","907.9075"
"20260503","22","11620","3562.6742","1628.8123","1933.8598"
"20260503","22","11650","7576.2702","2442.397","5133.8729"
"20260503","22","11680","21038.6156","7309.3292","13729.2883"
"20260503","22","11710","8642.6316","3659.6819","4982.9486"
"20260503","22","11740","1831.6292","900.5241","931.1056"
"20260503","23","11110","16834.7916","5331.6871","11503.1025"
"20260503","23","11140","42109.593","16649.8645","25459.7272"
"20260503","23","11170","11457.5561","3847.403","7610.1553"
"20260503","23","11200","4975.598","2433.8088","2541.7881"
"20260503","23","11215","2931.2547","1465.5875","1465.6678"
"20260503","23","11230","2971.3519","1476.6874","1494.6637"
"20260503","23","11260","645.777","222.9561","422.8213"
"20260503","23","11290","1818.9575","815.6249","1003.3321"
"20260503","23","11305","1204.5629","541.8644","662.6978"
"20260503","23","11320","401.8166","112.0041","289.813"
"20260503","23","11350","686.645","173.4171","513.2276"
"20260503","23","11380","1333.5827","558.74","774.8421"
"20260503","23","11410","14235.6989","5160.0067","9075.693"
"20260503","23","11440","23634.5863","8374.8033","15259.7825"
"20260503","23","11470","770.2902","261.9171","508.3729"
"20260503","23","11500","7365.4685","3549.224","3816.2458"
"20260503","23","11530","3478.8709","1980.309","1498.5627"
"20260503","23","11545","1614.7698","1032.6702","582.0998"
"20260503","23","11560","9488.0945","5542.8631","3945.2333"
"20260503","23","11590","1555.926","621.2796","934.6473"
"20260503","23","11620","3727.7716","1700.96","2026.8137"
"20260503","23","11650","7423.5887","2483.7831","4939.8065"
"20260503","23","11680","21309.2995","7388.8671","13920.4331"
"20260503","23","11710","8309.6103","3378.7962","4930.8128"
"20260503","23","11740","1799.7068","914.3826","885.3235"